{"cameraMode":{"drawMode":0,"name":"Shaded","section":"Shading Mode"},"sceneLighting":true,"audioPlay":false,"sceneViewState":{"m_AlwaysRefresh":false,"showFog":true,"showSkybox":true,"showFlares":true,"showImageEffects":true,"showParticleSystems":true,"showVisualEffectGraphs":true,"m_FxEnabled":true},"in2DMode":false,"pivot":{"x":-0.060141198337078097,"y":13.48251724243164,"z":23.625774383544923},"rotation":{"x":-0.1299484521150589,"y":0.6929062604904175,"z":-0.12911280989646913,"w":-0.6974881291389465},"size":19.59864044189453,"orthographic":false}